{"stats":{"minecraft:custom":{"minecraft:jump":79,"minecraft:time_since_rest":4773,"minecraft:leave_game":2,"minecraft:play_time":4773,"minecraft:sprint_one_cm":5705,"minecraft:walk_on_water_one_cm":120,"minecraft:time_since_death":4773,"minecraft:walk_one_cm":561,"minecraft:total_world_time":4773,"minecraft:walk_under_water_one_cm":103,"minecraft:swim_one_cm":799,"minecraft:fall_one_cm":1219,"minecraft:fly_one_cm":20359},"minecraft:mined":{"minecraft:grass":1},"minecraft:picked_up":{"minecraft:egg":1}},"DataVersion":3120}