{"stats":{"minecraft:killed_by":{"iceandfire:lightning_dragon":2,"minecraft:zombie":1},"minecraft:crafted":{"minecraft:crafting_table":3,"minecraft:iron_sword":1,"terrestria:rainbow_eucalyptus_planks":24,"minecraft:iron_axe":2,"minecraft:iron_hoe":1,"minecraft:stick":8},"minecraft:dropped":{"minecraft:iron_ingot":32,"minecraft:bread":64,"minecraft:stone_axe":1,"minecraft:stone_sword":1,"minecraft:iron_helmet":1,"minecraft:white_bed":1,"minecraft:chainmail_helmet":1,"minecraft:coal":32,"minecraft:chainmail_chestplate":1,"sophisticatedbackpacks:gold_backpack":1,"minecraft:potato":32,"minecraft:torch":32,"minecraft:iron_chestplate":1,"minecraft:iron_pickaxe":1},"minecraft:used":{"minecraft:blue_terracotta":1,"minecraft:iron_sword":32,"minecraft:torch":19,"minecraft:sand":14,"minecraft:dirt":1,"minecraft:crafting_table":1,"minecraft:white_bed":3,"minecraft:iron_hoe":46,"terrestria:rainbow_eucalyptus_planks":4,"minecraft:iron_axe":85,"minecraft:bread":24,"minecraft:iron_pickaxe":26,"minecraft:stone_axe":86,"minecraft:stone_pressure_plate":1,"minecraft:cobweb":8},"minecraft:mined":{"minecraft:cut_sandstone":4,"minecraft:stone_pressure_plate":2,"minecraft:white_bed":3,"minecraft:melon_stem":1,"minecraft:brewing_stand":1,"terrestria:rainbow_eucalyptus_planks":4,"minecraft:crafting_table":1,"minecraft:torch":4,"minecraft:grass_block":2,"terrestria:rainbow_eucalyptus_wood":39,"iceandfire:ghost_chest":2,"iceandfire:lectern":1,"minecraft:tall_grass":1,"minecraft:sandstone":2,"minecraft:wall_torch":6,"minecraft:skeleton_skull":1,"minecraft:hay_block":46,"minecraft:birch_planks":1,"minecraft:blue_terracotta":1,"minecraft:carrots":11,"terrestria:rainbow_eucalyptus_quarter_log":88,"minecraft:tnt":9,"iceandfire:podium_birch":1,"minecraft:vine":1,"minecraft:grass":9,"minecraft:potatoes":13,"terrestria:rainbow_eucalyptus_log":26,"minecraft:beetroots":15,"minecraft:iron_bars":4,"minecraft:cobweb":8,"minecraft:oak_leaves":5,"minecraft:birch_fence":2},"minecraft:picked_up":{"minecraft:crafting_table":1,"minecraft:cut_sandstone":4,"terrestria:rainbow_eucalyptus_planks":4,"minecraft:potato":54,"minecraft:birch_planks":1,"minecraft:potion":2,"terrestria:rainbow_eucalyptus_quarter_log":85,"minecraft:chainmail_chestplate":1,"minecraft:brewing_stand":1,"terrestria:rainbow_eucalyptus_log":26,"iceandfire:manuscript":12,"minecraft:string":9,"minecraft:dirt":2,"minecraft:birch_fence":2,"minecraft:bone":5,"minecraft:beetroot":14,"iceandfire:graveyard_soil":8,"iceandfire:bestiary":1,"minecraft:gold_nugget":15,"minecraft:iron_ingot":1,"minecraft:cobweb":8,"minecraft:melon_slice":3,"minecraft:sandstone":1,"iceandfire:ghost_chest":2,"iceandfire:podium_birch":1,"minecraft:copper_ingot":1,"minecraft:torch":10,"terrestria:rainbow_eucalyptus_wood":39,"tombstone:grave_dust":1,"minecraft:white_bed":3,"minecraft:carrot":33,"minecraft:stone_pressure_plate":2,"minecraft:tnt":9,"iceandfire:silver_ingot":3,"minecraft:blue_terracotta":1,"minecraft:rotten_flesh":12,"minecraft:beetroot_seeds":34,"iceandfire:lectern":1,"iceandfire:deathworm_chitin_yellow":4,"minecraft:hay_block":40,"alexsmobs:rattlesnake_rattle":1,"minecraft:gold_ingot":3,"minecraft:chainmail_helmet":2,"minecraft:iron_bars":4,"minecraft:skeleton_skull":3},"minecraft:killed":{"alexsmobs:rattlesnake":1,"iceandfire:ghost":2,"iceandfire:deathworm":1},"minecraft:custom":{"minecraft:mob_kills":5,"minecraft:interact_with_cartography_table":1,"minecraft:interact_with_crafting_table":1,"minecraft:leave_game":1,"minecraft:time_since_death":13,"minecraft:sleep_in_bed":3,"minecraft:climb_one_cm":7066,"minecraft:time_since_rest":1,"minecraft:sprint_one_cm":222121,"minecraft:damage_taken":1664,"minecraft:walk_one_cm":46007,"minecraft:trigger_trapped_chest":3,"minecraft:drop":14,"minecraft:damage_dealt":841,"minecraft:swim_one_cm":22700,"minecraft:fly_one_cm":338241,"minecraft:open_chest":17,"minecraft:crouch_one_cm":968,"minecraft:play_time":58699,"tombstone:undead_killed":2,"minecraft:deaths":3,"minecraft:sneak_time":753,"minecraft:walk_under_water_one_cm":1287,"minecraft:jump":1319,"minecraft:walk_on_water_one_cm":15881,"minecraft:total_world_time":58699,"minecraft:fall_one_cm":35321}},"DataVersion":3120}