{"stats":{"minecraft:killed_by":{"minecraft:zombie":1},"minecraft:crafted":{"terrestria:rainbow_eucalyptus_planks":24,"minecraft:iron_axe":2,"minecraft:crafting_table":1,"minecraft:iron_hoe":1,"minecraft:stick":8,"minecraft:iron_sword":1},"minecraft:dropped":{"minecraft:iron_ingot":32,"minecraft:bread":64,"minecraft:stone_axe":1,"minecraft:potato":32,"minecraft:stone_sword":1,"minecraft:torch":32,"minecraft:iron_chestplate":1,"minecraft:iron_helmet":1,"minecraft:iron_pickaxe":1,"minecraft:white_bed":1,"minecraft:coal":32,"sophisticatedbackpacks:gold_backpack":1},"minecraft:used":{"terrestria:rainbow_eucalyptus_planks":4,"minecraft:iron_axe":79,"minecraft:bread":11,"minecraft:iron_pickaxe":3,"minecraft:iron_sword":19,"minecraft:stone_axe":86,"minecraft:torch":12,"minecraft:dirt":1,"minecraft:crafting_table":1,"minecraft:white_bed":1},"minecraft:mined":{"minecraft:skeleton_skull":1,"minecraft:white_bed":1,"terrestria:rainbow_eucalyptus_quarter_log":88,"terrestria:rainbow_eucalyptus_planks":4,"minecraft:crafting_table":1,"minecraft:torch":3,"minecraft:grass":8,"terrestria:rainbow_eucalyptus_wood":39,"terrestria:rainbow_eucalyptus_log":26,"minecraft:grass_block":2,"iceandfire:ghost_chest":1,"minecraft:iron_bars":2,"minecraft:tall_grass":1,"minecraft:oak_leaves":5,"minecraft:wall_torch":3},"minecraft:picked_up":{"minecraft:crafting_table":1,"iceandfire:ghost_chest":1,"minecraft:copper_ingot":1,"minecraft:torch":6,"terrestria:rainbow_eucalyptus_planks":4,"terrestria:rainbow_eucalyptus_wood":39,"terrestria:rainbow_eucalyptus_quarter_log":85,"tombstone:grave_dust":1,"minecraft:white_bed":1,"terrestria:rainbow_eucalyptus_log":26,"iceandfire:manuscript":6,"minecraft:dirt":2,"iceandfire:silver_ingot":2,"minecraft:bone":5,"minecraft:rotten_flesh":7,"minecraft:gold_nugget":4,"minecraft:iron_ingot":1,"minecraft:gold_ingot":2,"minecraft:chainmail_helmet":1,"minecraft:melon_slice":3,"minecraft:iron_bars":2,"minecraft:skeleton_skull":2},"minecraft:killed":{"iceandfire:ghost":2},"minecraft:custom":{"minecraft:time_since_rest":11637,"minecraft:walk_one_cm":27544,"minecraft:sprint_one_cm":119237,"minecraft:damage_taken":634,"minecraft:trigger_trapped_chest":3,"minecraft:mob_kills":3,"minecraft:drop":12,"minecraft:damage_dealt":700,"minecraft:swim_one_cm":19421,"minecraft:interact_with_crafting_table":1,"minecraft:fly_one_cm":173570,"minecraft:crouch_one_cm":498,"minecraft:play_time":34699,"tombstone:undead_killed":2,"minecraft:deaths":1,"minecraft:sneak_time":249,"minecraft:walk_under_water_one_cm":984,"minecraft:jump":706,"minecraft:leave_game":1,"minecraft:walk_on_water_one_cm":9296,"minecraft:time_since_death":31929,"minecraft:sleep_in_bed":1,"minecraft:total_world_time":34699,"minecraft:climb_one_cm":3580,"minecraft:fall_one_cm":19324}},"DataVersion":3120}