{"stats":{"minecraft:killed_by":{"minecraft:zombie":1},"minecraft:used":{"alexsmobs:animal_dictionary":2},"minecraft:custom":{"minecraft:jump":290,"minecraft:time_since_rest":21764,"minecraft:damage_dealt":30,"minecraft:damage_taken":340,"minecraft:leave_game":11,"minecraft:play_time":34160,"minecraft:sprint_one_cm":32297,"minecraft:time_since_death":22058,"minecraft:walk_one_cm":7157,"minecraft:deaths":1,"minecraft:total_world_time":34160,"minecraft:fall_one_cm":4888,"minecraft:fly_one_cm":85409},"minecraft:mined":{"minecraft:grass":1}},"DataVersion":3120}