{"stats":{"minecraft:killed_by":{"minecraft:zombie":1},"minecraft:crafted":{"terrestria:rainbow_eucalyptus_planks":4},"minecraft:dropped":{"minecraft:iron_ingot":32,"minecraft:bread":64,"minecraft:stone_axe":1,"minecraft:potato":32,"minecraft:stone_sword":1,"minecraft:torch":32,"minecraft:iron_chestplate":1,"minecraft:iron_helmet":1,"minecraft:iron_pickaxe":1,"minecraft:white_bed":1,"minecraft:coal":32,"sophisticatedbackpacks:gold_backpack":1},"minecraft:used":{"terrestria:rainbow_eucalyptus_planks":4,"minecraft:bread":5,"minecraft:stone_axe":64,"minecraft:torch":3,"minecraft:dirt":1},"minecraft:mined":{"terrestria:rainbow_eucalyptus_quarter_log":38,"terrestria:rainbow_eucalyptus_planks":4,"minecraft:grass":3,"terrestria:rainbow_eucalyptus_wood":16,"terrestria:rainbow_eucalyptus_log":3,"minecraft:grass_block":2,"minecraft:oak_leaves":5},"minecraft:picked_up":{"terrestria:rainbow_eucalyptus_planks":4,"terrestria:rainbow_eucalyptus_wood":16,"terrestria:rainbow_eucalyptus_quarter_log":36,"terrestria:rainbow_eucalyptus_log":3,"minecraft:dirt":2,"minecraft:melon_slice":3},"minecraft:custom":{"minecraft:time_since_rest":17821,"minecraft:walk_one_cm":14820,"minecraft:sprint_one_cm":76824,"minecraft:damage_taken":388,"minecraft:drop":12,"minecraft:damage_dealt":44,"minecraft:fly_one_cm":126073,"minecraft:crouch_one_cm":81,"minecraft:play_time":22699,"minecraft:deaths":1,"minecraft:sneak_time":19,"minecraft:jump":506,"minecraft:leave_game":1,"minecraft:time_since_death":19929,"minecraft:total_world_time":22699,"minecraft:climb_one_cm":3326,"minecraft:fall_one_cm":16574}},"DataVersion":3120}