{"stats":{"minecraft:killed_by":{"minecraft:zombie":1},"minecraft:crafted":{"minecraft:crafting_table":1,"minecraft:iron_sword":1,"terrestria:rainbow_eucalyptus_planks":24,"minecraft:iron_axe":2,"minecraft:iron_hoe":1,"minecraft:stick":8},"minecraft:dropped":{"minecraft:iron_ingot":32,"minecraft:bread":64,"minecraft:stone_axe":1,"minecraft:stone_sword":1,"minecraft:iron_helmet":1,"minecraft:white_bed":1,"minecraft:coal":32,"sophisticatedbackpacks:gold_backpack":1,"minecraft:potato":32,"minecraft:torch":32,"minecraft:iron_chestplate":1,"minecraft:iron_pickaxe":1},"minecraft:used":{"minecraft:iron_sword":24,"minecraft:torch":13,"minecraft:dirt":1,"minecraft:crafting_table":1,"minecraft:white_bed":2,"minecraft:iron_hoe":46,"terrestria:rainbow_eucalyptus_planks":4,"minecraft:iron_axe":84,"minecraft:bread":19,"minecraft:iron_pickaxe":5,"minecraft:stone_axe":86},"minecraft:mined":{"minecraft:white_bed":2,"minecraft:melon_stem":1,"minecraft:brewing_stand":1,"terrestria:rainbow_eucalyptus_planks":4,"minecraft:crafting_table":1,"minecraft:torch":3,"minecraft:grass_block":2,"terrestria:rainbow_eucalyptus_wood":39,"iceandfire:ghost_chest":1,"iceandfire:lectern":1,"minecraft:tall_grass":1,"minecraft:sandstone":1,"minecraft:wall_torch":4,"minecraft:skeleton_skull":1,"minecraft:hay_block":46,"minecraft:birch_planks":1,"minecraft:carrots":11,"terrestria:rainbow_eucalyptus_quarter_log":88,"iceandfire:podium_birch":1,"minecraft:grass":8,"minecraft:potatoes":13,"terrestria:rainbow_eucalyptus_log":26,"minecraft:beetroots":15,"minecraft:iron_bars":2,"minecraft:oak_leaves":5,"minecraft:birch_fence":2},"minecraft:picked_up":{"minecraft:crafting_table":1,"terrestria:rainbow_eucalyptus_planks":4,"minecraft:potato":54,"minecraft:birch_planks":1,"minecraft:potion":2,"terrestria:rainbow_eucalyptus_quarter_log":85,"minecraft:brewing_stand":1,"terrestria:rainbow_eucalyptus_log":26,"iceandfire:manuscript":6,"minecraft:dirt":2,"minecraft:birch_fence":2,"minecraft:bone":5,"minecraft:beetroot":14,"iceandfire:bestiary":1,"minecraft:gold_nugget":4,"minecraft:iron_ingot":1,"minecraft:melon_slice":3,"iceandfire:ghost_chest":1,"iceandfire:podium_birch":1,"minecraft:copper_ingot":1,"minecraft:torch":7,"terrestria:rainbow_eucalyptus_wood":39,"tombstone:grave_dust":1,"minecraft:white_bed":2,"minecraft:carrot":33,"iceandfire:silver_ingot":2,"minecraft:rotten_flesh":9,"minecraft:beetroot_seeds":34,"iceandfire:lectern":1,"iceandfire:deathworm_chitin_yellow":4,"minecraft:hay_block":40,"alexsmobs:rattlesnake_rattle":1,"minecraft:gold_ingot":2,"minecraft:chainmail_helmet":1,"minecraft:iron_bars":2,"minecraft:skeleton_skull":2},"minecraft:killed":{"alexsmobs:rattlesnake":1,"iceandfire:ghost":2,"iceandfire:deathworm":1},"minecraft:custom":{"minecraft:mob_kills":5,"minecraft:interact_with_cartography_table":1,"minecraft:interact_with_crafting_table":1,"minecraft:leave_game":1,"minecraft:time_since_death":43929,"minecraft:sleep_in_bed":2,"minecraft:climb_one_cm":6967,"minecraft:time_since_rest":10847,"minecraft:sprint_one_cm":178356,"minecraft:damage_taken":990,"minecraft:walk_one_cm":38909,"minecraft:trigger_trapped_chest":3,"minecraft:drop":12,"minecraft:damage_dealt":841,"minecraft:swim_one_cm":21091,"minecraft:fly_one_cm":238533,"minecraft:open_chest":13,"minecraft:crouch_one_cm":498,"minecraft:play_time":46699,"tombstone:undead_killed":2,"minecraft:deaths":1,"minecraft:sneak_time":271,"minecraft:walk_under_water_one_cm":1128,"minecraft:jump":959,"minecraft:walk_on_water_one_cm":13571,"minecraft:total_world_time":46699,"minecraft:fall_one_cm":25224}},"DataVersion":3120}