{"stats":{"minecraft:killed_by":{"minecraft:zombie":1},"minecraft:dropped":{"minecraft:iron_helmet":1,"minecraft:iron_ingot":32,"minecraft:stone_axe":1,"minecraft:iron_pickaxe":1,"minecraft:stone_sword":1,"minecraft:torch":32,"minecraft:white_bed":1,"minecraft:iron_chestplate":1,"minecraft:coal":32,"sophisticatedbackpacks:gold_backpack":1},"minecraft:used":{"minecraft:dirt":1},"minecraft:mined":{"minecraft:grass_block":1,"minecraft:oak_leaves":5},"minecraft:picked_up":{"minecraft:melon_slice":3,"minecraft:dirt":1},"minecraft:custom":{"minecraft:time_since_rest":5821,"minecraft:crouch_one_cm":81,"minecraft:sprint_one_cm":12251,"minecraft:play_time":10699,"minecraft:deaths":1,"minecraft:damage_taken":248,"minecraft:walk_one_cm":5963,"minecraft:sneak_time":19,"minecraft:drop":10,"minecraft:jump":94,"minecraft:damage_dealt":44,"minecraft:leave_game":1,"minecraft:time_since_death":7929,"minecraft:climb_one_cm":2417,"minecraft:total_world_time":10699,"minecraft:fall_one_cm":2452,"minecraft:fly_one_cm":8743}},"DataVersion":3120}