{"stats":{"minecraft:killed_by":{"minecraft:zombie":1},"minecraft:dropped":{"tombstone:grave_key":2},"minecraft:used":{"minecraft:bread":1,"minecraft:white_bed":1,"alexsmobs:animal_dictionary":5},"minecraft:mined":{"minecraft:melon":2,"minecraft:white_bed":1,"minecraft:oak_leaves":4,"minecraft:fern":1},"minecraft:picked_up":{"sophisticatedbackpacks:gold_backpack":1,"minecraft:iron_chestplate":1,"minecraft:stone_sword":1,"minecraft:jungle_log":1,"minecraft:stone_axe":1,"minecraft:wheat_seeds":1,"minecraft:torch":32,"minecraft:potato":32,"minecraft:iron_helmet":1,"minecraft:iron_ingot":32,"tombstone:grave_key":2,"minecraft:bread":64,"minecraft:white_bed":2,"minecraft:iron_pickaxe":1,"minecraft:oak_sapling":1,"minecraft:melon_slice":8,"minecraft:coal":32,"minecraft:dirt":17},"minecraft:custom":{"minecraft:time_since_rest":5820,"minecraft:sprint_one_cm":44450,"minecraft:play_time":15041,"minecraft:deaths":1,"minecraft:damage_taken":310,"minecraft:walk_one_cm":13044,"minecraft:sneak_time":8,"minecraft:drop":2,"minecraft:jump":222,"minecraft:damage_dealt":76,"minecraft:leave_game":1,"minecraft:time_since_death":12877,"minecraft:sleep_in_bed":1,"minecraft:climb_one_cm":5561,"minecraft:total_world_time":15041,"minecraft:fall_one_cm":3686,"minecraft:fly_one_cm":32008}},"DataVersion":3120}