{"stats":{"minecraft:killed_by":{"minecraft:zombie":1},"minecraft:dropped":{"tombstone:grave_key":2},"minecraft:used":{"minecraft:stone_sword":1,"minecraft:bread":5,"minecraft:stone_axe":62,"minecraft:white_bed":1,"alexsmobs:animal_dictionary":5},"minecraft:mined":{"minecraft:white_bed":1,"terrestria:rainbow_eucalyptus_quarter_log":34,"minecraft:grass":2,"terrestria:rainbow_eucalyptus_log":4,"terrestria:rainbow_eucalyptus_wood":22,"minecraft:melon":2,"minecraft:oak_leaves":4,"minecraft:fern":2},"minecraft:picked_up":{"sophisticatedbackpacks:gold_backpack":1,"minecraft:iron_chestplate":1,"minecraft:jungle_log":1,"minecraft:torch":32,"minecraft:potato":32,"terrestria:rainbow_eucalyptus_wood":21,"terrestria:rainbow_eucalyptus_quarter_log":33,"tombstone:grave_key":2,"minecraft:white_bed":2,"terrestria:rainbow_eucalyptus_log":4,"minecraft:dirt":17,"minecraft:stone_sword":1,"minecraft:stone_axe":1,"minecraft:wheat_seeds":1,"minecraft:iron_helmet":1,"minecraft:iron_ingot":32,"minecraft:bread":64,"minecraft:iron_pickaxe":1,"minecraft:oak_sapling":1,"minecraft:melon_slice":8,"minecraft:coal":32},"minecraft:custom":{"minecraft:time_since_rest":11754,"minecraft:sprint_one_cm":71596,"minecraft:damage_taken":410,"minecraft:walk_one_cm":21017,"minecraft:drop":2,"minecraft:damage_dealt":76,"minecraft:fly_one_cm":86418,"minecraft:play_time":20975,"minecraft:deaths":1,"minecraft:sneak_time":8,"minecraft:jump":401,"minecraft:leave_game":2,"minecraft:time_since_death":18811,"minecraft:sleep_in_bed":1,"minecraft:climb_one_cm":5561,"minecraft:total_world_time":20975,"minecraft:fall_one_cm":9143}},"DataVersion":3120}