{"stats":{"minecraft:killed_by":{"iceandfire:lightning_dragon":1,"minecraft:zombie":1},"minecraft:dropped":{"tombstone:grave_key":3},"minecraft:used":{"minecraft:stone_sword":31,"minecraft:bread":15,"minecraft:iron_pickaxe":15,"minecraft:stone_axe":127,"minecraft:white_bed":1,"alexsmobs:animal_dictionary":5},"minecraft:mined":{"minecraft:large_fern":1,"minecraft:skeleton_skull":1,"minecraft:hay_block":14,"minecraft:brown_mushroom":1,"minecraft:white_bed":1,"minecraft:glowstone":1,"terrestria:rainbow_eucalyptus_quarter_log":68,"minecraft:torch":1,"minecraft:red_sand":1,"minecraft:grass":4,"terrestria:rainbow_eucalyptus_log":20,"terrestria:rainbow_eucalyptus_wood":33,"minecraft:melon":2,"minecraft:cobweb":2,"minecraft:tall_grass":1,"minecraft:oak_leaves":5,"minecraft:fern":4,"minecraft:seagrass":2},"minecraft:picked_up":{"sophisticatedbackpacks:gold_backpack":1,"minecraft:iron_chestplate":1,"minecraft:jungle_log":1,"minecraft:brown_mushroom":1,"minecraft:torch":33,"minecraft:potato":32,"terrestria:rainbow_eucalyptus_wood":32,"terrestria:rainbow_eucalyptus_quarter_log":66,"minecraft:chainmail_chestplate":1,"tombstone:grave_key":3,"minecraft:ink_sac":1,"tombstone:grave_dust":2,"minecraft:white_bed":2,"terrestria:rainbow_eucalyptus_log":17,"minecraft:string":1,"minecraft:dirt":17,"minecraft:cactus":2,"minecraft:bone":2,"minecraft:arrow":1,"minecraft:stone_sword":1,"minecraft:beetroot":1,"minecraft:beetroot_seeds":2,"minecraft:stone_axe":1,"minecraft:wheat_seeds":2,"minecraft:red_sand":1,"minecraft:hay_block":18,"minecraft:iron_helmet":1,"minecraft:iron_ingot":32,"alexsmobs:tarantula_hawk_wing_fragment":1,"minecraft:chainmail_helmet":1,"minecraft:glowstone_dust":3,"minecraft:bread":64,"minecraft:iron_pickaxe":1,"tombstone:magic_scroll":1,"minecraft:oak_sapling":1,"minecraft:melon_slice":8,"minecraft:skeleton_skull":1,"minecraft:coal":32},"minecraft:killed":{"minecraft:skeleton":1,"iceandfire:ghost":1},"minecraft:custom":{"minecraft:time_since_rest":3178,"minecraft:sprint_one_cm":257357,"minecraft:damage_taken":976,"minecraft:walk_one_cm":80449,"minecraft:mob_kills":1,"minecraft:drop":3,"minecraft:damage_dealt":554,"minecraft:swim_one_cm":19702,"minecraft:interact_with_crafting_table":1,"minecraft:fly_one_cm":306708,"minecraft:open_chest":32,"minecraft:crouch_one_cm":226,"tombstone:undead_killed":2,"minecraft:play_time":56975,"minecraft:deaths":2,"minecraft:sneak_time":77,"minecraft:walk_under_water_one_cm":546,"minecraft:jump":1252,"minecraft:walk_on_water_one_cm":14758,"minecraft:leave_game":2,"minecraft:time_since_death":4880,"minecraft:sleep_in_bed":1,"minecraft:climb_one_cm":11764,"minecraft:total_world_time":56975,"minecraft:fall_one_cm":27651}},"DataVersion":3120}