{
  "minecraft:husbandry/root": {
    "criteria": {
      "consumed_item": "2024-07-22 20:18:43 +0000"
    },
    "done": true
  },
  "tombstone:adventure/root": {
    "criteria": {
      "auto": "2024-07-22 19:44:31 +0000"
    },
    "done": true
  },
  "minecraft:adventure/adventuring_time": {
    "criteria": {
      "minecraft:plains": "2024-07-22 19:44:31 +0000"
    },
    "done": false
  },
  "alexsmobs:alexsmobs/root": {
    "criteria": {
      "useitem": "2024-07-22 20:18:43 +0000"
    },
    "done": true
  },
  "DataVersion": 3120
}